01535
01960
06443
12901
219
251
3066
321
386
407
413
44646
609
618
757
772
863
905
909
94901
ARAN
Aalesund
AbbevilleSC
Abkhazia
Abu_Dhabi
Abuja
Acapulco
Acton
Addisabeba
Adelaide
AfricaNetwork
Agadir
Akureyri
AlAinCity
Alagoas
AlaskaHighway
Aleppo
AlertCanada
AleutianIslands
Alexandria_Virginia
Algarve
Algiers
Allegany
AlleghanyCo
Allen
AllendeNL
Allentx
AllwoodManor
AlmeriaAlmeria
Almonte
AltonNews
Amazonas
AmbergrisCaye
Ameland
AmericaDelSur
Amesbury
Amman
Amstelveen
Amsterdam
Anacortes
Anaheim
Anchorage
Andalucia
AndersonIN
AndersonSC
AndersonValley
Angeles
Annex
Anniston
Ansonia
Antalya
Antigonish
AntiguaBarbuda
Antigua_and_Barbuda
Apeldoorn
ArabAlabama
Aracaju
Arbil
Arcata
Ardabil
Arendal
ArendalOgGrimstad
Arezzo
ArlingtonHeights
Armagh
Arnhem
Aroostook
Artsakh
Aruba
Arvada
Ashdod
Ashgabat
Aspen
Astoria_Oregon
AtwaterVillage
AuburnCalifornia
AuburnNY
Auburn_GA
Auburndale
AuroraIL
Austin
Avenal
Avesta
Avezzano
Aylmer
Azerbaycan
Azor
BKK
Bagdad
BahiaBlanca
BajaCalifornia
BajaCaliforniasur
Bakersfield
BakersfieldCA
BaldwinCity
Ballinasloe
Ballstad
Bancroft
BandarLampung
Bandung
Banepa
Bardstown
Bariloche
Barranquilla
BarrieOntario
BarrowAK
BartlettIllinois
Batavia
Batesville
BatesvilleUnited
Bathgate
Bathurst
Bauru
BayArea
BayCityMichigan
BayonneNJ
Beauce
Beaumont
BeaumontCa
BeaverCounty
BeaverPA
BeckleyOnReddit
Beja
BelAirMD
Belfast
BellCountyTX
BellevilleOntario
BellevueKY
Belmar
BeloHorizonte
Beltsville
Benevento
Benghazi
Bengkulu
Beograd
Bergamo
Bethalto
BethelAK
BeverlyBeach
BigBear
BigBendTX
Bilbao
Binbrook
Bishop
BismarckMandan
Blackrod
BlackstoneMA
Blairstown
BlockIsland
Bloemfontein
BloomfieldHills
BloomfieldNM
Bloomington_Ca
Bloomsburg
Bluemtn
Blumenau
Bollnas
Bolton
BonnydoonCA
BordentownNJ
Borlange
BorlangeKommun
BoulderCreek
Braga
Braganca
Bratislava
Bratislava2
Brea
Breckenridge
Breda
Bridgend
BridgeportCT
Bridgeton
Brillion
Britain
BroadBrookCT
Brockville
Brookhaven
Brookings
Broomfield
Brownsville
Brownwood_Texas
BrunswickMD
Buckfastleigh
Buckinghamshire
BuenaPark
Buenzli
BuffaloGrove
Bukhara
BunkerMissouri
Buriram
BurlingtonNC
Burlingtoniowa
ButlerPA
Bydgoszcz
Bytom
CAR_
CBNL
CabotArkansas
Caerphilly
Caguas
Calabria
Calera
CalhounCounty
CalhounFalls
CaliColombia
CaliforniaCity
Camarillo
Camberville
CambridgeCityHall
Cambridge_Ohio
CamdenCountyNJ
CamdenGA
Cameroun
Campbell
Campbeltown
Campeche
CampoGrande
CanaryIslands
CantonIL
CapitolHillSea
Carbondale
Caribbean
Carlstadt
Carmel
CarmelValley
Carpentersville
CarrolltonTX
CarsonCA
Carstairs
Cascadia
Cassino
Castelo_Branco
CastleRockWa
Castro
Catalunya
Catania
Ceara
Ceciltucky
CedarCity
CedarPark
CentralPark
ChadNews
Champaign
Changchun
Channel_Islands
Chaoyang
CharlestonWV
Chateauguay
Chatsworth
Chechnya
ChelseaMA
Chemainus
Chengdu
Chequamegon_Bay_WI
CherryHillNJ
Chester
ChesterfieldVA
ChestnutHill
Cheverly
Chezzetcook
ChiangMaiThailand
ChicoCA
ChihuahuaMX
ChillicotheMissouri
Chipman
Chiswick
Chittagong
ChulaVista
CityOfHenderson
CityOfJeddah
CityofMentor
CityofRiverside
CiudadJuarez
Claremont
Claremore
Clermont
ClermontFL
ClovisNewMexico
ClujNapoca
CoachellaValley
Coahuila
Coatbridge
CobbCounty
Cobourg
Cochran
CochraneAB
Cody_WY
ColfaxIowa
Colima
CollegeHill
Collierville
CollinCounty
CollinsBeach
Colombo
ColwynBay
Compostela
ConcordMA
ConejoValley
Conroe
CoolidgeCorner
Coopersville
Cordova
CornwallOnt
Corona
Cortez
CountyDurham
CountyWexford
CovingtonWA
Cranbury
Cresskill
CreswellOR
Crimea
CrownPointIndiana
Cuernavaca
Culiacan
Cullman
CummingGA
Cutten
Cuyahoga
DaNang
Daegu
Dagestan
Dalarna
Damascus
Danbury
DandridgeTN
Danville
DanvilleKY
DarEsSalaam
Darfur
Dawsonville
DaytonaBeach
DeSotoKS
DeathValleyNP
Debrecen
Decatur
Delafield
Delft
DelhiON
DeltaBC
DeltaBritishColumbia
DenBosch
DenHaag
DenhamSprings
DentonNC
DerbyKansas
Derry
Devon
DickensonVA
Dinuba
Dirty530
DiscoveryBay
DistritoFederal
Dixon
Dominica
Dominican
Donegal
Donetsk
Dorchester
Dordrecht
Dorval
DothanAL
DoverDE
DownersGrove
Drenthe
Drumheller
DuBoisPA
DuluthGA
Dumbarton
DumfriesAndGalloway
DuncanBC
DuncanOk
Dundas
DunedinFlorida
Dunfermline
Dungiven
Dunwoody
DurangoMX
Duvall
Duvall_Washington
EagleColorado
EastCounty
EastLondon
EastLongmeadow
EastSussex
EastTimor
Eastbourne
EasternCT
EasternOregon
EasternPassage
Eastgreenwich
Easthampton
Easton
Eatonville
EchoPark
EdgefieldSC
Edinboro
Edinburgh
Edmond
EdmondOK
Edmonds
Edmonton
EdwardsAFB
Eindhoven
ElSegundo
ElginTx
ElkMountain
Elkhart
Ellenton
Ellijay
Elmhurst
Elst
Elyria
Emeryville
Emmen
Emmitsburg
Emporia
EnfieldCT
England
EnglewoodLittletonCO
Erdenet
ErieCO
ErieColorado
Erlinsbach
Escanaba
Eskilstuna
EspiritoSanto
Essaouira
Essex
EssexOntario
EssexWhat
EstadoDeMexico
EstadosUnidos
EstevanSK
Eunice
Everglades
Exmoor
FalconCrest
FallRiverNS
Fareham
FargoMoorhead
Farmersville
FarmingtonHills
FarmingtonValley
FayetteCounty
FayettevilleAr
Ferndale
FerndaleWashington
Fife
FigueiradaFoz
Findlay
Fishers
Flemington
Flitwick
FlorenceKY
FloridaKeysandKeyWest
FlushingQueens/
ForestHills
Foresthill
Formentera
FortBraggCA
FortLee
FortMyers
FortSaskatchewan
FortStJohn
FourCorners
Frankford
FranklinMA
FranklinSquare
Fresno
Fruitport
FtMyers_FL
Fujairah
Fullerton
FultonMo
Fuquayvarina
GSMNP
GVRD
GabriolaIsland
Galena
Galloway
Garda
GardenCityKansas
GardenCityMI
GarlandTX
Gaspesie
Gateshead
Gaza
Gaziantep
Genesee
GeneseoIllinois
GenevaIL
GenevaNY
Gettysburg
Gilbert
GilbertArizona
Gilroy
Girona
GlacierPark
Gladstone
Glasgow
GlastonburyCT
Glencove
GlendaleAZ
Glenelg
GlensFallsNY
GlenwoodIowa
GloucesterMA
GoldenCO
Gooding
GoodyearAZ
Gotland
Gouda
Gozo
Grahamstown
GranadaHills
GrandHaven
GrandHavenMI
GrandManan
Grandviewheightsohio
GraniteCity
Granvilleohio
Grayslakeillinois
GreatBarrington
GreaterGrandForks
Greeley
Greenfield
Greentown
Greenwich
Greer
Grenada
Groenlo
GrotonMA
Guadalajara
Guadeloupe
Guahan
Guanajuato
Guayaquil
Guaymas
Guerrero
Guilin
GuineBissau
GulfportFL
Gypsum
Habana
HaciendaHeights
Haifa
Haikou
Hanford
HarfordMD
HarlanKY
Harlingen
HarrisburgNC
Hartlepool
Hartselle
Havana
Hayward
Hebrides
Hedon
Heerenveen
Heerlen
Heiloo
Henrycounty
Hermitage
HernandoCountyFlorida
Hershey
HesperiaMI
HighDesert
Highland
HighlandVillage
HillCountry
Hillsborough
HinesvilleGA
Hinton
Hockinson
Hohhot
Hokkaido
HollySpringsNC
Hollydale
HollywoodCA
HomesteadFL
Homs
HooverAL
Hopkunton
Hornell
Horsham
HowardCountyMD
HuaHin
Huddinge
HudsonMA
HudsonNY
Hudsonville
HumboldtCounty
Humboldt_County
Hunan
HuntingtonBeach
HuntingtonIN
HuntingtonNY
HuntingtonVA
HuntingtonWV
HydeParkMA
Imperial_Beach
InMenlo
Incheon
IndianTrailNC
IndianaPA
InlandEmpire
Inuvik
Inuyama
Inverclyde
Ipoh
IrishHills
Irvine
Issaquah
Italia
IvoryCoast
JacksonvilleAL
Jaffna
JamaicaPlain
Jambi
Jamul
Janesville
JavaIndonesia
Jeju
Jerez
JerichoUnderhill
Jersey
JerseyChannelIslands
JohnsonCounty
Joinville
Joppatowne
Jundiai
JupiterFL
KBY
Kahnawake
Kampala
KapiriMposhi
Karaj
Kaunas
Kenai
KendallSquare
Kendallville
KenesawNebraska
Kennedale
Kerkrade
Keswick
KeyLargo
KeyWest
Khao_Lak_Thailand
Kielce
Kilkenny
KingAllentown
KingdomofSaudiArabia
KingstonOntario
Kingsville
Kirkcaldy
Kitimat
Klaipeda
Knysna
KohChangIsland
Kongsberg
KoverdanBandarLengeh
Kowloon
Krabi
Kragujevac
Kremmling
KremmlingCo
Kristianstad
Kumamoto
Kungalv
Kungsbacka
Kunming
Kunshan
Kyoto
Kyushu
LAMaine
LAWestside
LaCrescentaCA
LaHabraCA
LaPresa
LaPuente
LaQuinta
LaReunion
LaSalleCounty
La_Junta
Lacey
Lacombe
LaderaRanch
LafayetteCA
LakeCity
LakeCountyCa
LakeHavasuCityAZ
LakeLouise
LakeWales
LakewoodRanch
Lakewood_CA
LancasterPA
Lancaster_uk
Langesund
Langford
LangleyWA
Lansdale
Lanta
Lanzhou
LasVegasNevada
Launceston
Lausanne
Lawndale
Leavenworth
Leitrim
Leksand
Lenawee
Lenexa
Lenoir
LeonGto
Lewes
LewistonAuburn
LewistonID
LexingtonKY
Liban
Liberia
Limavady
Linger
Lisse
LitchfieldPark
Littleton
Livermore
Liverpool
Ljubljana
Llanelli
Logan
Logansport
Lombok
London
LondonOhio
Londonderry
LongBeach
LongPoint
LongwoodFL
Longyearbyen
Lorain
LosAngeles
LosMochis
LouisburgKS
LouisvilleCO
LouisvilleColorado
LowellMA
LuVerne
Ludington
Ludlow
LudlowMA
Ludvika
Lumby
Lunenburg
Lusaka
LutonTown
Lviv
LynnMA
LynnwoodWA
MALUKU
MANIZALES
MQT
MaasaiMara
MacombIL
Madagascar
Madeira
Madera
Madisonalabama
Magalia
Magherafelt
Maidstone
MaighEo
Mainz
Makanda
Makassar
Malang
Mali
Manaus
Manchester
ManchesterTN
ManhattanBeach
Manitowoc
Mantua
MapleGroveMN
MarDelPlata
Maracaibo
Marana
Maranhao
Marbella
Marblehead
MarcoIsland
Marengo
Maribor
MariettaOH
Mariposa
Marktown
Marshalltown
Marsica
Martinique
Maryville
MaryvilleTN
Mashhad
MasonMI
Massena
MatSu
Matamoros
MayneIsland
Maynooth
MayoIrl
MaysLanding
Mazatlan
McCallIdaho
McHenry
McminnvilleTN
Meath
Mechanicsburg
Medan
MedanID
Medfield
MedfordMass
MedinaOhio
Mendocino
Mendocino_Coast
Merced
MeridianTwp
MerthyrTydfil
Mesquite
MesquiteTX
Methuen
MetroBoston
Metuchen
MexicoCity
MichiganCityIndiana
MidMo
MiddleEast
MiddlesbroughTown
MiddlesexNJ
MiddletownOhio
Middletownmd
Middx
Midland
MileHighCity
Milford
MillValley
Millis
Millville
MiltonFL
MiltonMA
Milwaukee
MinasGerais
Mindelo
Miraloma
Miramichi
Miskolc
Misr
MissouriCity
Mjolby
Mmelanesia
Mocksville
Modena
Modesto
Modiin
MojaveNP
Monaco
Monclova
MonmouthIL
MonroeMI
Monroe_County
MontTremblant
Montague
Montara
Montclairnj
MontegoBay
MontereyBay
Montgomerycounty
MooreOK
MorenoValley
Morinville
MosselBay
Mosul
MountBaker
MountPearl
MountVernonSquareDC
MountVernonTriangleDC
MountainHouseCA
Mountainhomearkansas
MtBachelor
MtBarker
MtLebo
MuirWoods
Mundelein
MustangOklahoma
MyakkaCity
Myoko
NCAL
NEKentucky
NJMontclair
NOLA
NWAReddit
NWOK
Nablus
Nacogdoches
Nanchong
Nantucket
NaplesIT
Narrowsburg
Natick
NatividadCalifornia
NavarreNow
Navasota
Nayarit
NearWestSuburbs
Nela
Nesodden
NewBaltimore
NewBrunswickNJ
NewForest
NewHopePA
NewProvidence
NewRiver
New_Scotland
NewarkCA
NewaygoCounty
Newmilford
NewportBeachCA
NewportOR
Newquay
Niceville
NingboChina
Nippon
Nizhny_Novgorod
NoBe
NoCo
Nogales
Noordwijk
Norco
NorfolkON
NormalIL
Norrbotten
NorthAdams
NorthBethesda
NorthCentralIllinois
NorthCoastBC
NorthFlorida
NorthHatley
NorthLiberty
NorthOlmsted
NorthRidgeville
NorthWestBC
North_Colorado
NorthamptonMA
NortheastCT
NortheastConnecticut
NortheastLA
NorthernNorway
Northville
NorthwestIndiana
NuevaEcija
NuevoLaredo
NuevoLeon
Nybro
OakBayBritishColumbia
OakLawn
OakRidges_Ontario
Oakdale
Oakfield
OakvilleSTL
OakwoodGA
OceanCityNewJersey
OdessaTX
Ogdensburg
Oildale
Okolona
Olten
Olympia
Opole
Oran
OrangeCity
OrangeCounty
Orania
Orem
Orenburg
Orick
OrientME
OrmondBeachFL
Oshawa
Ostergotland
Outaouais
OwensboroKY
OxfordAL
PBville
PCB
PCC
Pachuca
PacificNorthwest
PacificPalisades
Pacita
Paisley
PalestineTX
PalmerAK
Palmetto
Paranaque
Parkridge
Parksville
ParmaMI
Pasadena
Pasco
Patagonia
Patras
Pattaya
PattayaTH
Pearland
Pelham
Pelotas
Penarth
Pereira
PerfectionValley
PerthScotland
Perugia
Peshawar
PeterboroughNH
PeytonColorado
PhilmontNY
PhnomPenh
Pickerington
Picton
PikeCountyPA
Pisa
PittsfieldMass
Pittsfieldnh
Plainfield
PlainfieldConn
PlantCity
PleasantHillMo
PleasantvilleIA
Ploiesti
PlymouthMI
Podgorica
Polokwane
Polska
Polynesia
Pontagrossa
PontiacIllinois
Pontianak
Pontypridd
PooleBayCity
PortCoquitlam
PortDover
PortLincoln
PortRenfrew
PortStLucie
PortWashington
Portadown
PortagePark
Porthcawl
PortlandMaine
Portsmouth
Portstewart
PowellRiverBC
Presov
PrinceEdwardCounty
PrinceRupert
Prince_Albert
Prizren
Puebla
Pukke
Purmerend
PuyallupWA
Pyeongchang
Qazaqstan
QualicumBeach
QuayCounty
QuebecLevis
QueenAnnesCounty
QueenCharlotteIslands
Queensbury
Queretaro
Quesnel
Quetta
Quispamsis
Quito
RMNP
Ragland
RajaAmpat
Ramallah
RamonaCalifornia
Ramstein
RasAlKhaimah
Rasht
Rayville
ReadingMA
ReadingPA
RealMarshVegas
Redding
Redlands
RedmondOR
RedwoodCity
Reisterstown
RenoNV
Repentigny
RepublicOfChina
RepublicOfTurkey
Reseda
Reynosa
Rhodesia
Rhyl
RichmondBC
RichmondCA
Ridgecrest
RidgeportIndiana
Rimouski
Rincon
Ringwood
RiveSud
RiversideCounty
Riverslime
RiverviewNB
RiyadhVision
Roatan
RockdaleCounty
Rockhill
RockledgeFL
Rockville
RockwoodTN
RockyHill
Roermond
Rogersville
Roraima
Roseville
RoswellNM
Rotherham
RowlandHeights
Rowlett
RoyseCity
RuralNWIowa
Rutherfordnj
Rzeszow
SEGANEFL
SEKI
SFV
SKankakee
SLV
SaanichPeninsula
Saarland
Sabac
Sabah
SableIsland
Sackville
Sacramento
Saddle_Hills_County
SaginawBay
SaginawMichigan
SaintJerome
Saintvincent
Saitama
Salaj
Salamanca
SalemIN
SalemMA
Salida
Salkum
Samana
Samarkand_Stuff
Samui
SanAnselmo
SanBernardino
SanBernardinoCounty
SanBruno
SanCarlos
SanClemente
SanDiego
SanFrancisco
SanJose
SanJuan
SanMateoCounty
SanSalvador
San_Marino
Sandpoint
Sandusky
Sandviken
Sandycity
Sanford
SanfordFL
SanfordNC
Sanliurfa
SantaBarbara
SantaCatarina
SantaClaritaValley
SantaCruz
SantaCruzLocals
SantaMaria
SantaMonicaMountains
Santamonica
Sarawak
Sardinia
Sarpsborg
Saugus
SaultSteMarie
SavannahTN
Savona
Scaggsville
Schaffhausen
Schlitterbahn
Schwyz
Scoti
ScottsValley
Scottsbluffnebraska
Scranton
SeaIsleCity
Seabright
SealBeach
Seattle
SeattleWA
Seongnam
Sergipe
Setubal
Seward
Seychelles
Shangrao
SharonMA
SharpHill
Sheffield
SheffieldMa
Shenyang
Shoreham
Siam
SidneyBC
SiemReap
Siem_Reap
Signalhill
Sihanoukville
SilkCity
SilverSpring
Silverlake
Sitka
Skane
Skaneland
Skelmersdale
Slask
Slovenija
SnohomishCounty
Soderhamn
Somalia
Somers
SomersetKY
SomersetNJ
Sono
SouthAsia
SouthBayLA
SouthBend
SouthEastEngland
SouthGARedditors
SouthSanFrancisco
SouthWedge
South_Azerbaijan
SouthernOregon
Southington
Southlake
Southland
SpartaWI
SpringBranch
SpringfieldOR
Springfielddelco
SpruceGrove
Sranan
SriPadaya
StCharlesIL
StFrancisville
StHelena
StLouisMO
StMartinsNB
StPetersburgRu
St_Joseph
Stafford
StamfordCT
Stanhood
StarValley
Starkville
StateofRiodeJaneiro
StauntonVA
SteAnne
Stellenbosch
Steubenville
StonyPlain
Stowe
StratfordCT
Strijen
Stromsburg
Subangjaya
Subiaco
SuidAfrika
SuisunCA
Sulaymaniyah
SummerdaleAL
Summerland
Sumner
SunValley
Sundsvall
SunnyIslesBeach
SussexNB
Suwon
Suzhou
Svalbard
Sylvania
Syria
Szczecin
Tabasco
TakomaDC
TalbotCounty
Talkeetna
Tallaght
Taranto
TarguMures
Tarnow
Tashkent
Tehachapi
TehamaCounty
Tenerife
Teocaltiche
Tepatitlan
Terengganu
Terrebonne
Tetouan
TheBerkshires
TheBlackHills
TheBritishIsles
TheHague
TheHeartOfChina
TheMaritimes
TheOtherNewHaven
ThePasMB
The_Gambia
ThetfordMines
ThomasvilleAL
Thompson_northdakota
ThorntonPark
Thurrock
Tianjin
TierraDelFuego
Timbuktu
Timor
Tlaxcala
Tobermory
Toccoa
TollandCT
Toluca
Tombstone
Tooele
ToombsCounty
Torbay
Torrelavega
Torun
Townofcarver
Tranas
Transnistria
Trelleborg
Triangle
Trieste
TrinidadandTobago
Tripoli
Trnava
Trojmiasto
Truro
Trussville
Tsimshatsui
TsuzukikuYokohama
Tucumcari
Tulalip
Tunbridgewells/
TupeloMS
TurkeyPoint
TurksAndCaicos
TurnersFalls
TyneandWear
Tyneside
UPmichigan
Uberlandia
Uganda
Ukrayina
Unomaha
UrbanaMD
Urmia
Ushuaia
UtahValley
VTown
Valemount
Valjevo
Valladolid
ValpoChile
Vancouver_BC
Vancouver_wa
VankleekHill
Vastervik
VenangoCountyPA
Venice_FL
Ventura
Verdun
VeronaWisconsin
Vevay
Viana
Vic
VictoriaBeachMB
Vientiane
Vieques
VietNamCongHoa
VillageofField
Vilonia
Vineland
Vintrosa
Visalia
Vlissingen
Volgograd
WI_Boonies
WakefieldMA
Wales
Walnut
Walpole
Waltham
Warwick_NY
WashingtonPA
Wasilla
WaterburyCT
WatertownCT
Waterville
Watsonville
WauseonOhio
Waynesville
Weipa
Welland
WellingtonFL
Wenzhou
WestBank
WestLinnOR
WestPalmBeachFl
WestSpringfield
WestSussex
WestTown
WestValleyAZ
WesternNebraska
WesternSahara
Western_Mass
WestfieldIndy
WestfieldMA
Westmeath
WestminsterMaryland
WestonWV
WestportCT
WheatonMD
WheelingWV
WhiteLake
WhitePlainsNY
WhiteRock
Whitehall
Whitehorse
Whitinsville
Whittier
WhittierCA
WilkesBarre
WilliamsonCountyTN
Williamstown
Willits
WillowGlen
Wilmette
WilmingtonOH
WilsonNC
WinchesterMass
Windermere
WindsorCalifornia
Winnemucca
WinonaLake
WinterPark
Wisconsin
Withernsea
Wittmann
WoodburyCT
Woodhaven
Woodland
Woodstockct
Wrentham
Wroclaw
Wyoming
Xinjiang
Yakutsk
Yangon
Yantian
Yardley
YarkerOntario
YarmouthNovaScotia
YellowSprings
Yemen
Yichang
Yinchuan
Yisrael
Yokohama
YorbaLinda
York
YorkCountyPA
Yorkville
Youngstown
Zahedan
Zaragoza
Zhaoqing
ZionNP
ZionNationalPark
Zionsville
aabenraa
aachen
aalborg
aalen
aalst
aarhus
aarschot
abbotsford
abbotsfordbc
aberdeen
abergavenny
abertillery
aberystwyth
abilenetexas
abitibi
abudhabi
acadiana
acadie
acaponeta
aceh
acquackanonk
actonma
acworth
adamsma
addingtonhighlands
adelaidehills
adirondacks
aeroo
afghanistan
africa
africana
agawam
agen
aggies
agloe
agourahills
aguascalientes
ahmedabad
ahwatukeeAZ
airdrie
aitaiwan
aixenprovence
aixmarseille
akersberga
akron
alabama
alameda
alamogordo
alandislands
alappuzha
alaska
alavus
albacete
albania
albany
albany_newyork
albanyca
albanyga
albanypark
albanywa
alberta
albstadt
albufeira
albuquerque
albury
alexandriamn
algeria
algerie
algonquin_college
algonquinpark
alhambra
alhoceima
alicante
alicesprings
aligarh
alkmaar
allendale
allhail
alliston
allistonontario
allstonrockcity
almaarkansas
almada
almaty
almatycity
almelo
almere
almont
alnwick
alpena
alpharetta
alsace
altadena
alton
altona
altoona
alvik
amarillo
amarillocollege
amazonia
amdavad
america
americancanyon
americansamoa
americanu
amersfoort
amersham
ames
amherst
amiens
amory
amritsar
amsterdamny
andaman_and_nicobar
andersoncounty
andersonuniversity
andersonvillechicago
andorra
andover
angola
angouleme
anguilla
anjou
ankara
ankdammen
ankeny
annamariaisland
annan
annapolis
annapolisvalley
annarbor
annearundelcountymd
annecy
anokamn
ansan
ansbach
antelope
antelopevalley
anthem
antibes
antigo
antwerpen
anzaborrego
aotearoa
apalachicola
aparnasarovar
apia
apopka
appleton
applevalley
appstate
apson
apu
aquinas
aquitaine
arad
aragon
aransaspass
arbroath
arcata
arcticcircle
ardeer
ardmore
arequipa
argentina
arizona
arkansas
arkansasstate
arlington
arlingtontx
armatage
armenia
armenian
armstrong
arovalley
arras
artesianm
asansol
asburypark
ascensionparish
aschaffenburg
ashdown
asheboro
asheville
ashington
ashland
ashlandkentucky
ashlandky
ashlandohio
asia
assam
assyria
astana
aston
astoria
astrakhan
asu
atascadero
atascocitatx
atchison
atenguillo
athens
athensohio
athenstn
athensunofficial
athertontablelands
athina
athlone
atlanta
atlanticcity
attleboro
auburn
auburnca
auburnlaketrails
auburnwa
auckland
aue
augsburg
augusta
aurich
auroraco
auroraillinois
aurorane
austinsanantonio
austintexas
australia
australia_
austria
auvergne
aveiro
aventura
avignon
avondale_nz
avondaleaz
ayrshire
azerbaijan
azores
babson
bacau
bacolodcity
baden_baden
badenwuerttemberg
bahamas
bahia
bahrain
baiamare
baiersbronn
bainbridgeisland
baku
baldwincountyal
bali
balkans
ballarat
ballina
ballstate
balticcountries
baltics
baltimore
bamberg
bamfield
banfflakelouise
bangalore
bangkok
bangladesh
bangor
bangorme
banjaluka
barbados
barcelona
bardarbunga
bari
barquisimeto
barre
barrie
barringtonil
barrowcounty
barrytown
bartlett
baruch
basel
basingstoke
basquecountry
basra
bastroptx
batam
bath
batonrouge
battlecreek
bavaria
baxtersprings
bayamon
baycitytx
baylor
baylortn
bayofislands
bayofplenty
bayreuth
bayridge
baytown
bayview
bcit
bcstx
bda
beacon
beaconny
bearn
beaufort
beautifulbc
beavercreek
beavercreekoh
beaverton
beckum
bedford
beeston
beggs
beijing
beirut
beius
bekasi
belarus
belconnen
belem
belgium
belgrade
belize
bellbrook
bellechasse
belleriver
belleview
bellevilleIL
bellevue
bellevuewa
bellingen
bellingham
bellowsfalls
belmontca
belmontshore
beloitwisconsin
belton
bemidji
benbrook
bend
bendigo
bendoregon
benelux
benicia
benin
bensheim
bentonarkansas
bentonharbor
bentonville
berea
bergen
bergencity
bergerac
bergischgladbach
berkeley
berkeleyca
berklee
berksco
berlin
bermuda
bern
bernalheights
bernardsville
bernburg
berwyn
besancon
bethelct
bethelpark
bethesda
bethlehem
bettsville
beulah
beverlyhills
bexhill
bg
bgohio
bgsu
bharatpur
bhayandar
bhilai
bhopal
bhutan
biarritz
bielbienne
bielefeld
bierbeek
bigisland
bigsky
bigsur
bih
bihac
bihar
bijeljina
billings
billund
biloxi
binghamton
binghamtonny
binghamtonuniversity
binic
biola
biratnagar
birkenhead
birmingham
birminghammi
bisbee
bishkek
bismarck
bitterroot
bjelovar
blackhills
blacksburg
blacktowncity
blair
blairstowne
blanchard
blekinge
blenheim
bloomington
bloomingtonil
bloomingtonmn
bloomingtonnormal
blountsville
bluemont
bluemountains
bocachica
bocasdeltoro
bochum
bodkar
boerne
bogalusa
bogocity
bogor
bogota
boise
bolivarmo
bolivia
bologna
bomontwv
bonas
bondi
bonn
bonnyville
boone
boonton
booterstown
boquete
boras
bordeaux
boredinnova
bornholm
bosnia
bossiercity
bostad
boston
bostoncollege
bostonu
bostwick
bothell/
botosani
botswana
bottrop
boulder
bouldercity
boulognebillancourt
bourges
bourgogne
bourgognefranchecomte
bournemouth
boutersem
bowdoin
bowlinggreen
bowmanville
boyd
boylecounty
boyntonbeach
bozeman
brabant
bracknell
bradenton
bradford
braila
brainerd
bralorne
brampton
brandeis
brandenburg
brandon
brandonFL
brandonmanitoba
bransonmo
brantford
brasil
brasilia
brasov
braunschweig
braunton
bray
brazil
brazoriacounty
brcko
bremen
bremerhaven
bremerton
brentwoodbay
brescia
brest
bretagne
brevard
brevardfl
brewster
bribieisland
brighton
brightonma
brisbane
bristol
britishcolumbia
britishkent
brno
broadripple
brocku
brokenhill
bromley
bronx
bronxville
bronyisland
brookland
brookline
brooklyn
broome
broward
brownu
bruchsal
bruges
brugge
brum
brunei
brunswick
brussels
bruxellesmabelle
brysoncity
btv
bucaramanga
bucerias
buchanan
bucharest
bucknell
buckscountypa
bucovina
bucuresti
budapest
buenosaires
buffalo
buffalominnesota
buffaloriver
builthwells
bulgaria
bullcity
buncombe
bundaberg
burbank
burgas
burien
burkinafaso
burleson
burlingame
burlington
burlingtonma
burlingtonon
burlingtontario
burlingtonvt
burma
burnaby
burnsvillemn
bursa
burundi
busan
bushwick
busselton
butleru
butte
butus
buxtehude
bville
byronbay
cabarruscounty
cabo
caboolture
caboverde
cabramatta
cadiz
caen
cagayandeoro
cairns
cairo
caistor
calabasas
calais
calamba
calarasi
caldwell
calgary
california
calistoga
calpoly
calpolypomona
caltech
calupa
camanche
camaswashington
cambodia
cambria
cambridge
cambridgeMA
cambridgeminnesota
cambridgeon
cambridgeontario
cambridgeshire
camdentown
cameroon
campbellriver
campbellsville
campinas
canada
canarias
canberra
canbyoregon
cancun
canfield
canisiuscollege
cannonbeach
canogapark
canterbury
canterburynz
canton
cantonga
cantuacreek
capdagde
capebreton
capecod
capecoral
capemay
capetown
capeverde
capitalregion
capricornia
captiva
capu
caracas
carberry
cardiff
carletoncollege
carletonplace
carletonu
carlisle
carlisleohio
carlisleontario
carlow
carlsbad
carlsbadca
carlsbadnm
carmelbythesea
carmelin
carolinesprings
carolstream
carpinteria
carrickfergus
carrollcounty
carrollcountymd
carrolltongeorgia
carrolltonohio
carsoncity
cartagena
cartersville
carvercounty
cary
casablanca
casagrandearizona
cascades
cascavel
casper
castlebar
castlerock
castroville
catalonia
cavan
cavecreek
cavesbeach
caymanislands
cayucos
cazin
cca
cebu
cedarcreek
cedarfalls
cedarrapids
celle
centerburg
central_europe
central_ma
centralamerica
centralasia
centralcoast
centralcoastnsw
centralflorida
centralillinois
centraljersey
centrallouisiana
centralma
centralmich
centraloregon
centralpa
centralqueensland
centralvalley
cerealcity
ceredigion
ceres
cesky
chagrinfalls
chamba
chambana
chamonix
champaignurbana
chandigarh
chandleraz
changsha
changwon
chanhassen
channelislands
chapelhill
chapmanuniversity
chappaquany
chardon
charleroi
charlescounty
charleston
charlestonil
charlevoix
charlotte
charlottecounty
charlottenburg
charlottesville
charlottetown
chasemd
chaska
chathamislands
chathamkent
chathamontario
chatswood
chattanooga
chch
cheltenham
chemnitz
chennai
chennaicity
cheonan
cherbourg
cherokeecountyga
cherokeenc
cherryvalley
chesapeake
chesapeakebay
cheshire/
chestercounty
chesterfield
chesterfielduk
chesterton
cheswick
cheyenne
chhattisgarh
chiapas
chiba
chicago
chicagoland
chicagosuburbs
chichester
chicopee
chikmagalur
chile
chillicothe
chilliwack
china
chinle
chios
chippenham
choctawOK
chongqing
christchurch
christiania
christmasisland
cibao
cincinnati
cirencester
citruscountyflorida
citrusheights
cityofbunbury
cityofburlington
cityofcorona
cityofhoover
cityofla
cityoflaredo
cityofnewburghny
clackamas
clallam
clapham
clare
claremontcolleges
clarkstown
clarksville
clarku
clearlake
clearwaterfl
cleethorpes
clemson
clermontfd
cleveland
cleveland_park
clevelandms
clevelandtn
clifden
clifton
clintoncounty
clintoniowa
cloverdale
cluj
cmu
cnmi
cny
co_mo
coalinga
coalwood
coastalvirginia
cobleskill
coburg
cochise
coconutcreek
coconutgrove
coeurdalene
cofc
coffs
cohasset
coimbatore
coimbra
colac
coldlake
colgate
colima
collegestation
collingswood
colmar
cologne
colombia
colombiareddit
colorado
coloradosprings
colum
columbia
columbiacounty
columbiamd
columbiamissouri
columbiasc
columbiavalley
columbus
columbusga
columbusin
columbusindiana
colwood
comines
commercetx
comoros
comoxvalley
compton
conceptionbaysouth
concordia
concordnc
concordnh
coneyisland
congo
conncoll
connecticut
connersville
conshohocken
constancebay
constanta
conwayar
conwaynh
conyers
cookeville
cookislands
cookstown
coolangatta
coonrapids
cooperstownny
copenhagen
copenhagenDK
copperascove
coquitlam
coralgables
coralsprings
coralville
corbinky
corby
cordoba
corfu
cork
cornelius
cornell
corning
cornwall
cornwallon
corpus
corpuschristi
corsica
corsicanatx
cortlandny
corvallis
corydon
costa_rica
costarica
coswig
cotedivoire
cottagegrove
cottbus
coudersport
councilbluffs
coventry
covina
covington
covingtonla
cowichan
cowra
cozumel
craigavon
craiova
cranbourne
crawfordville
crawley
creedmoor
crestonbc
crete
croatia
croatiasplit
crockcity
crockett
crofton_md
cronulla
crossville
crossvilleTN
crownheights
croydon
croydonvic
crystalbay
csuc
csuci
csudh
csueb
csuf
csufoco
csula
csulb
csumb
csun
csus
csusb
csusm
cuba
cuboulder
cucueti
cudenver
cuenca
cuiaba
culebra
culvercity
cumberland_maryland
cumbria
cumming
cuny
curacao
curitiba
cusco
cuu
cuyahogafalls
cwru
cymru
cypresstx
cyprus
czech
czechia
dachschaden
dacula
daejeon
dahlonega
dalgetybay
dalian
dallas
dalmatia
daltonga
damascusmd
danapoint
dandenong
danielisland
danmark
dansk
darbymt
dargaville
darkhan
darlinghurst
darmstadt
dartmoor
dartmouth
dartmouthnovascotia
darwen
darwin
darwinaustralia
davao
davaocity
daventry
davidsoncollege
davie
davisca
davison
dawsoncreek
dayton
de
de_potsdam
deagon
debary
decaturga
decorah
dedham
deep_river
deerfield
deerfieldbeach
deerpark
deggendorf
dehradun
dehraduncIty
dekalb
dekalbarea
deland
delavan
delaware
delawarecounty
delawareoh
delco
delhi
delisle
delraybeach
deltona
denison
denizli
denmark
denton
denver
denverwest
depaul
depauw
derby
derbyshire
derrylondonderry
desmoines
desplaines
dessau
destin
detmold
detroit
deutschland
devonuk
devry
dewitt
dewsbury
dextermo
dhaka
diamondbar
diepenbeek
dietikon
digipen
dijon
dijon_bourgogne
dillsburg
diomede
dionysos
districtofcolumbia
djibouti
dnipro
dobrich
doha
dole
dominicans
doncaster
dongbei
dongguan
donmills
doorcounty
dorchesterontario
dorfen
dorset
dorsten
dortmund
dothan
doubs
douglascounty
downingtown
downriver
downtownvancouver
drammen
dravida
dresden
drexel
dryden
dtla
dubai
dubbo
dublin
dublinGA
dublinohio
dubrovnik
dubuque
dueren
duesseldorf
duffield
duisburg
duke
duluth
duncraig
dundalkmd
dundee
dunedin
dunkerque
dunnellon
dunsborough
durand
durango
durban
durgapur
durham
durhamnh
durhamuk
dushanbe
dvc
dvillega
dyess
eaganmn
eaglecounty
eaglemountain
eaglerock
eaglerockca
eaglevail
earlhamcollege
easley
east_haddam
east_texas
eastanglia
eastarlington
eastaurora
eastbay
eastbethelmn
eastbridgewater
eastbrunswick
eastcanton
easterisland
easterneurope
easternidaho
easternky
easternpa
easternpanhandle
easternshoremd
easternsierra
eastie
eastkilbride
eastla
eastlands
eastlansing
eastmeadow
eastmidlands
eastpeoria
eastpoint
eastside
easttexas
easttx
eastvale
eastvillage
eaton
eau_claire
eauclaire
ec_wisc
ecsu
ecuador
edenprairie
edenton
edgewoodms
edgeworthstown
edinburg
edisonnj
edmonston
edmundston
edomex
edsonalberta
edwardsvilleil
eeklo
eesti
egersund
egypt
eire
eisenach
eisenhuettenstadt
elgin
elginillinois
elginscotland
elista
elizabethcity
elkgrove
elkinswv
elko
elkriver
elkton
ellas
ellisville
ellsworth
elma
elmiraNY
elmshorn
elmwoodpark
elpaso
elpasoderobles
elsalvador
ely
elyNV
emaw
emersoncollege
emory
empirestate
endicott
englewoodfl
enmore
enola
enschede
ensenada
equatorial_guinea
equatorialguinea
erau
erding
erfurt
erie
eritrea
erlangen
es
esbjerg
escondido
eskisehir
espana
espanola
esperance
espoo
esquimalt
essen
essendon
essexvt
esslingen
estacada
estero
estespark
ethiopia
etna
etown
ettlingen
eugene
euless
eurekasprings
europe
europeanfederalists
eurozone
euskadi
euskirchen
evanston
evanstonil
evansville
evansvilleindiana
everett
evergreen
everythingthai
eville
evreux
ewu
excelsiordistrict
exeter
faaborg
fairbanks
fairborn
fairfaxcounty
fairfield
fairfieldCA
fairfieldcounty
fairfieldiowa
fairfieldu
fairhopeAlabama
fairlawn
fairmont
fairmontwv
fairmount
fairoaks
faisalabad
falconbridge
falkirk
falklandislands
fallriver
falun
fandm
fargo
faroeislands
fau
fawngrove
fayco
fayettenam
fayetteville
fayettevilleTN
federalway
feilding
felpham
fenland
fernandinabeach
ferntreegully
fethiye
fgcu
fijian
finland
firenze
firstnations
fit
fiu
flaglerbeach
flaglercollege
flagstaff
flanders
flc
flensburg
flinflon
flint
flintmi
flintshire
florence
florenceal
florianopolis
florida
floridakeys
flowermound
flowerybranch
fnq
foco
folsom
fonddulac
fontbonne
fonthill
footscray
fordham
forestcity
forestgrove
forkswa
forney
forsyth
fortaleza
fortbend
fortclinton
fortcollins
fortdodge
fortfrances
fortgreene
fortlauderdale
fortmac
fortmcmurray
fortmcmurrayalberta
fortmillsc
fortsmith
fortwaltonbeach
fortwayne
fortworth
foshan
fountainhills
fountainvalley
foxcities
foxvalleywi
foz
framinghamma
francaise
france
franchecomte
franken
frankenthal
frankfort
frankfurt
franklincountyga
franklinmass
franklinpark
franklintn
frankston
frascati
fraserisland
fraservalley
frauenfeld
fredericia
frederickmd
fredericksburg
fredericton
frederiksberg
fredrikstad
freeland
freeport
freeportmaine
freiburg
freising
fremantle
fremont
fremontne
frenchguiana
fresnostate
fribourg
friedberg
friedrichshafen
friedrichshain
friendswood
friesland
frisco
frisia
fruita
fryslan
fsu
fuerth
fuessen
fujian
fukuoka
fulda
fulshear
furman
fuzhou
fylde
fyn
gabon
gabrovo
gadsden
gahanna
gaithersburg
galapagos
galesburg
galiza
gallatinky
gallup
gallupnm
galveston
galway
gambia
gamecocks
gannawarrashire
gardencityks
garmisch
gaspe
gastate
gasteiz
gastonia
gatech
gatineau
gatlinburgtn
gavle
gcks
gcsc
gcsu
gdansk
geauga
geegees
geelong
gelsenkirchen
generalsantos
geneva
genk
genova
gensan
gent
georgetown
georgetownMa
georgetownontario
georgetowntx
georgia
georgiausa
gera
geraldton
germantown
germantownwisconsin
germany
ghana
gibbsboro
gibraltar
giessen
gifhorn
gillette
gimhae
gippsland
gisborne
gjovik
glacier
glamis
glasgowky
glencoe
glendale
glenfield
glenpool
glensfalls
gloucester
gloucestercounty
gloucestershire
glyfada
gmacewan
gmu
gnv
goa
goerlitz
goettingen
goiania
goldcoast
goldcoasttweedcoast
goldenbay
goldenbc
goldentriangle
goldsboronc
goldsborough
goleta
gonzaga
gonzales
gopct
gorakalwaria
gordo
gorham
gosford
goslar
gotha
gothenburg
gotskasandon
goulburn
gradiska
grafton
granada
granbury
granby
grandbahama
grandcanyon
grandcoulee
grandeprairie
grandforks
grandjunction
grandjunctionco
grandlake
grandrapids
grandrapidsmn
grandsud
grandterrace
grandtetons
grantspass
grassvalley
graveney
gravescounty
graysharbor
grayslake
graz
greaterbinghamton
greaterorlando
greatfalls
greatneck
greatyarmouth
greece
greekreddit
greeleyCO
greenbay
greenland
greenock
greensburg
greenville
greenvilleal
greenvilleca
greenvillecollege
greenwichvillage
greenwoodsc
greifswald
grenoble
gresham
grevenbroich
greybruce
greylynn
greymouth
greystanes
grimsby
grinnell
groningen
grossepointe
grossmont
groton
groveland
grovetown
gso
gsu
gsy
gtownsc
guadeloupe
guam
guanajuato
guangdong
guangzhou
guatemala
guelph
guelphhumber
guernsey
guimaraes
guinea
guineabissau
guiyang
gujarat
gujranwala
gulfislands
gungahlin
gunnison
gurnee
gustavus
guyana
guyane
guysborough
gvegas
gville
gvsu
gwangju
gwinnett
gwu
gyeongju
gympie
gyor
haarlem
habo
hackettstown
haddonfield
haddontownship
haerbin
hagen
hagerstown
hainaut
haiti
haldimandnorfolk
halfmoonbay
halifax
hallesaale
halmstad
haltern
haltonhills
hamar
hamburg
hameenlinna
hameln
hamilton
hamilton_ohio
hamina
hamm
hammond
hammonton
hampden
hampshire
hampshirecollege
hampshirecounty
hampstead
hamptonroads
hamtramck
hanamaui
hanau
hangzhou
haninge
hanmersprings
hannover
hanoi
hanoverco
hanoverpa
happyjack
happyvalley
harare
harbin_china
harborsprings
harfordcc
harfordcountymd
harlemusa
harnosand
harpenden
harrisburg
harrisburgpa
harrisonburg
harrisonhotsprings
harrogate
harrow
harstad
hartford
harvard
harveymudd
haslett
hasselt
hastings
hastingsmn
hastingsne
hastingsnebraska
hattiesburg
haugesund
havre
hawaii
hawkesbay
hazlet
hazleton
heartland
heberovergaard
hefei
heidelberg
heidelbergmelbourne
heidenheim
heidenheimer
heilbronn
helena
helsingborg
helsinki
helvetica
hemetca
henan
hendersonstate
hendersonville
hennef
hercegovina
hereford
herford
hermosillo
herne
herrenberg
hervanta
herveybay
hessen
hettinger
hibbing
hickmancountytn
hidalgo
highlands
highlandsranch
highpointnc
highspire
highwycombearea
hildesheim
hilliard
hillsboro
hillsdale
hiltonhead
hilversum
himachalpradesh
hinsdale
hiroshima
hobart
hoboken
hochiminh
hochiminhcity
hofors
hokitika
hollandmi
hollandmichigan
hollyspringsga
holyhead
holyoke
homerAK
homerglen
hominy
honduras
honesdale
hongdae
hongkong
honolulu
hopebc
hopemills
hopkinsville
hoptown
hornsby
horsens
hortonville
hotsprings
houghton
houma
houston
houstoncc
howardcity
howland
hton
hu
huatulco
hubei
huddersfield
hudsoncounty
hudsonoh
hudsonvalley
huerth
hull
hultsfred
humber
humboldt
humboldtstate
hungary
huntcounty
huntercollege
huntersville
huntley
huntsvillealabama
huntsvilletx
hurst
husum
hutchinson
hyampom
hyderabad
hyvinkaanyt
ialomita
iasi
iastate
iberia
ibiza
iceland
idaho
idahofalls
idstein
ieper
iit
ilesdelamadeleine
illinois
illinoiswesleyan
ilmenau
iloilo
ilstu
immokalee
imotski
imperialvalley
inclinevillage
india
india_
indiana
indianapolis
indianauniversity
indio
indo
indonesia
infosanlucar
ingolstadt
inlandnorthwest
innermelbourne
innernorth
innsbruck
invercargill
invermere
inverness
iowa
iowacity
ipswich
ipswichuk
iqaluit
iran
iranian
iraq
ireland
ironmountain
irvinescotland
irvingtexas
isantimn
islamabad
islascanarias
islavista
islay
isleofman
isleofwight
islington
israeddit
israel
istanbul
istria
it
italy
ithaca
ithacacollege
itzehoe
iup
izmir
ja
jabalpur
jackson_missouri
jacksonheights
jacksonhole
jacksonmi
jacksonmo
jacksonms
jacksonville
jacksonvillebeach
jacksonvillenc
jaipur
jakarta
jalisco
jamaica
jamesriver
jamestownnd
jamestownny
jammu
jamtland
japan
jasper
jasperar
jasperga
jcu
jeffersonparish
jejuisland
jekyllisland
jenacity
jeonju
jeromeaz
jersey
jerseyci
jerseycity
jerseyvillage
jerusalem
jharkhand
jhu
jinan
jindabyne
jingan
jmu
jodhpur
joensuu
jogja
johannesburg
johnscreek
johnstown
johor
johor_bahru_malaysia
jolietillinois
jollyville
jomtien
jonesboro
jonesboroar
jonkoping
joondalup
joplin
joplinmo
jordan
jorhat
joshuatree
juizdefora
julich
juneau
juniatacollege
justlyonthings
justmarseillethings
jutland
jylland
jyvaskyla
kabul
kadikoy
kaecklitz
kaernten
kagoshima
kaikoura
kailuakona
kaiserslautern
kaitaia
kajaani
kalgoorlie
kaliningrad
kalispell
kallangur
kalmar
kamloops
kanab
kanata
kangarooisland
kansai
kansas
kansascity
kanyakumari
kaohsiung
kapellen
kaposvar
karachi
karlskrona
karlsruhe
karlstad
karnataka
karnescity
karori
karratha
kashmir
kassel
kassonmantorville
kathmandu
katihar
katowice
katrineholm
katy_texas
katytx
kauai
kauniainen
kavala
kawarthalakes
kazakhstan
kazakstan
kearney
kearny
keene
keizer
kelantan
keller
kelowna
kelso
kemi
kempen
kempten
kenilworth
kennebunk
kennesaw
kenosha
kent
kentcountymichigan
kentcountyri
kentstateuniversity
kentucky
kentuk
kentwa
kentwashington
kenya
kerala
kerava
kerman
kern
kernvalley
kerry
ketchikan
kettering
kettins
kew
keweenaw
kharkiv
khartoum
kherson
kiawahisland
kichijoji
kiel
kiev
kigali
kildare
kilimanjaro
killington
kilmarnock
kimberley
kingcity
kingcounty
kingman
kingofprussia
kingsbeach
kingslynn
kingstonsprings
kingwood
kinshasa
kiribati
kirkland
kirksville
kirkuk
kirn
kiruna
kishtwar
kissimmee
kitchener
kitsap
kittitas
kktc
klagenfurt
klakinn
klamathfalls
klang
knoxville
kobecity
koblenz
kochi
kodaikanal
kodiak
koebenhavn
koeln
koepenick
kokkola
kokomo
kolbuszowa
kolding
kolhapur
kolkata
kollam
kona
konstanz
konya
konz
kootenays
kopavogur
koper
korea
koreaDPR
korschenbroich
kortrijk
kosice
kosovo
kothamangalam
kotka
kouvola
krakow
krasnodar
krefeld
kreuzberg
kristiansand
kristiansund
krizevci
kronach
kronoberg
krugerpark
ksu
kualalumpur
kuantan
kuna
kuopio
kurdistan
kuressaare
kutnahora
kuwait
kwajalein
kyrgyzstan
kznsouthcoast
kzoo
labcity
labelleprovince
laclaronge
lacrossewi
lafayette
lafayetteLA
lagos
lagrange
lagunitas
lahabra
lahore
lahti
lajolla
lake
lakeatitlan
lakebonavitsa
lakecharles
lakecharleslouisiana
lakecityflorida
lakeconstance
lakecounty
lakecumberland
lakegaston
lakehavasucity
lakeheadu
lakeland
lakelinden
lakemba
lakeoftheozarks
lakeoswego
lakestevenswa
laketahoe
laketravis
lakewood
lakeworth
lakezurichil
lakshadweep
lalaguna
lamesa
lamu
lanarkshire
lancaster
lancastero
landshut
landskrona
lanecountyoregon
langenfeld
langley
lansdown
lansdownemd
lansing
lantzville
lanzarote
laos
lapampa
lapaz
lapeer
laporte
lappeenranta
laramie
larchmont
laredo
larnaca
larochelle
laronge
lascruces
laserena
lasqueti
lasvegas
latakia
latinamerica
latinoamerica
latrobevalley
latvia
laurelmd
laurentia
laval
laverne
lawrence
lawrenceburg
lawrenceu
lawtonok
lbny
ldnont
leander
leandercedarpark
lebanon
lebo
lecce
leduc
leeds
leelanau
leesburg
leesburgga
leeuwarden
lehavre
lehigh
lehighvalley
lehighvalleypa
leicester
leiden
leipzig
leiria
lejuch
leland
lelystad
lenoircity
lerum
lesotho
lethbridge
leuven
leverkusen
levittown
lewiscenter
lewiscounty
lewiston
lewisville
lexington
lexingtonhangouts
lexingtonnc
lexvegasva
lgc
lgcalifornia
lhokseumawe
liberec
libertymo
libertyville
libnan
libya
liechtenstein
liege
liestal
lijiang
lilacvillage
lilburn
lille
lillehammer
lillooet
lima
limaperu
limassol
limburgbe
limerickcity
limoges
limousin
lincoln
lincolnca
lincolnshire
lindsay
lingen
linkoping
linlithgow
linz
lippstadt
lisboa
lisbon
lisburn
lismore
litchfieldct
lithuania
lititz
littleapple
littlehampton
littlerock
lively
liverpool_ny
liverpoolcity
livi
livingston
livingston_tn
livonia
lkn
lloydminster
lmu
localnyc
lockhart
lodi
lodz
logancity
logrono
lohja
lombard
lompoc
londonontario
londonsocialclub
londrina
longbeachisland
longbeachmississippi
longbeachny
longford
longisland
longmont
longueuil
longview
longviewtexas
longviewwa
lordhoweisland
lorne
lornepark
lorraine
losalamos
losaltoshills
losgatoscalifornia
loudoun
louisiana
louisianatech
louisville
louisvilleohio
louth
loveland
lovington
lowcountries
lowell
lowellmass
lowellmassachusetts
lowereastside
lowerhutt
loznica
lsu
lubbock
lubbocktx
lublin
lucernecolorado
lucknow
ludowici
ludwigsburg
ludwigshafenamrhein
luebeck
lueneburg
lugano
lulea
lund
lurayva
lusby
luton
luxembourg
luzern
lynchburg
lynnwood
lynwood
lyon
lyoncollege
lyons
maastricht
mableton
macae
macau
macedonia
maceio
mackay
mackenzie
mackinac
macleod
macon
macon_state
maconbibb
macungie
madeira
madinina
madisonsd
madisonwi
madrid
madtown
magaluf
magdeburg
maharashtra
mahoningvalley
mahopac
maine
maitland
makati
malaga
malawi
malaysia
malden
maldives
maldon
malibu
malling
mallorca
malmo
malmoe
malta
maltany
malvern
mammothmountain
manassas
manayunk
manchesternh
mandan
mandurah
mangalore
manhattan
manhattanks
manitoba
manitobacanada
manitousprings
mankato
manlybeach
mannheim
mansfield
mansfieldma
manteca
mapleridge
maputo
maquoketa
marblefalls
marburg
margaretriver
maricopa
mariehamn
marietta
mariettaga
marin
marinadelrey
marinecity
maringa
marioniowa
marist
markham
marlborocollege
marlborough
marlton
maroc
maroochydore
marquette
marrakech
marrickville
marshallcountyal
marshallislands
marshallmn
marshalluniversity
marthasvineyard
martinique
martinsburg
marton_nz
maryborough
maryland
marysville
maseru
masoncity
mass
massachusetts
massillon
masterton
matane
mataro
matc
maui
maumee
maumelle
mauritania
mauritius
maxvorstadt
mayotte
mayrhofen
maysville
mcgill
mchenrycounty
mckinleyville
mckinney
mcminnville
meadville
meaford
mechanicsvilleva
mechanicville
mechelen
meckpomm
medellin
medford
medfordma
medfordwi
medicinehat
medway
meerssen
meerut
meissen
melbourne
melbourneFL
melbourneflorida
memmingen
memphis
mendocinocoast
menlopark
menomoneefalls
menorca
meppen
mequon
mercaz
mercercounty
mercercountyohio
mercerisland
merida
meridenct
meridian
merrickville
merrifield
merrittisland
merseyside
mesaaz
mesickmi
messina
metaquebec
metrodetroit
metroeast
metroeastil
metrowest
metry
metz
mex
mexicali
mexico
miami
miamioh
miamioxford
michiana
michigan
michigancity
michoacan
micronesia
middlegeorgia
middletn
middletonwi
mideast
midessa
midhurst
midland_mi
midland_on
midlands
midtjylland
midtownatlanta
mie
mikkeli
milano
mildura
milford_CT
milfordmi
milfordnh
millbrae
millbrook
millbury
millcreek
milledgeville
milton
miltonkeynes
miltonon
minden
mineralwells
minneapolis
minnesota
minnetonka
minot
minsk
miraflores
misquamicut
missionbc
missionbeach
missionviejo
mississauga
mississippi
missoula
missouri
mistissini
mit
mitchell_ontario
mizoram
mizzou
mkd
mln
mnl
moab
moabit
mobileal
mocambique
modica
moen
moenchengladbach
moers
mogadishu
mohavecounty
mohawkcollege
mojave
molde
moldova
molem
molndal
monaghan
moncton
mongolia
monmouthcounty
monroe
monrovia
mons
montana
montanatech
montbeliard
montclairva
montco
montecito
montenegro
montereypark
monterrey
montevideo
montgomery
montgomerycountymd
montgomerycountymo
montgomerynj
montgomeryville
montmagny
montpelier
montpellier
montreal
montserrat
moone
moorpark
moosejaw
moraga
moravia
morcote
moree
morehead
morgancity
morgancounty
morganhill
morgantownwv
morningtonpeninsula
morocco
morpeth
morriscounty
morrismn
morristownnj
morristowntn
morrisville
morrobay
morwell
mosbach
moscow
moscowidaho
mosgiel
mosman
mossley
mostar
moundcity
moundmn
moundsview
mountainbrook
mountainhomeidaho
mountainlakes
mountainstate
mountairy
mountdora
mountvernon
mozambique
mpc
mscd
msoe
msstate
msu
msucats
mtalbert
mtbrighton
mtbuller
mthutt
mtmorris
mtpleasantmi
mtrushmore
mtsanjacintocollege
mtsterling
mtsu
mtu
muenster
mulhouse
mumbai
muncie
munich
munster
murcia
mures
murfreesboro
murray
murraybridge
murrietareddit
murrysville
murwillumbah
muscat
muskegon
muskogee
mustangok
myakkacityFL
myanmar
myrtlebeach
mysore
mysuru
naestved
naga
nagacity
nagoya
nagpur
nairn
nairobi
nambour
namibia
nampa
namur
nanaimo
nancy
nanjing
nanning
nantes
napa
napavalley
naperville
napier
naples_fl
napoli
narbonne
narragansett
narva
nashik
nashua
nashville
nashvilletennessee
nassaucounty
natchez
nationalcity
naturalstate
nau
nauru
ncsu
ndjamena
ndsu
nebc
nebraska
nederland
nederlands
needlesca
nelsonbay
nelsonbc
nelsonnz
neohio
nepa
nepal
nephilly
nerk
neu
neuchatel
neukoelln
neumont
neumuenster
nevada
nevadacity
nevadacounty
nevictoria
newalbany
newamsterdam
newark
newarkde
newarkohio
newbaden
newbedford
newberg
newberry
newbritain
newbrunswickcanada
newburgh
newburghin
newburyport
newcastle
newcastleupontyne
newdelhi
newengland
newfoundland
newglasgow
newhampshire
newhaven
newhydepark
newiberia
newjersey
newkent
newlenox
newlondon
newmadridcounty
newmarket
newmex
newmexico
newmilfordnj
newnan
neworleans
newplymouth
newport
newportSW
newportbeach
newportky
newportuk
newroads
newrycity
newsokur
newtonkansas
newtonma
newtown
newtownrulz
newwestminster
newyork
newzealand
niagara
niagarafallsny
niagarafallsontario
nicaragua
nicefrance
nicosia
niedersachsen
niger
nigeria
nihon
niigata
nijmegen
nimbin
ninetysixsc
nis
niskayuna
niteroi
niu
niue
njtech
nku
nky
nl
nmsu
nmt
noesterreich
noho
nomadc
nome
noordholland
noosa
norcal
nordhausen
nordhorn
nordiccountries
norfolk
norfolkisland
norfolkuk
norge
normandie
normanok
norrebro
norrkoping
norrland
norteportugal
north_america
north_iowa_reddit
north_macedonia
northampton
northamptonians
northaurora
northbay
northbrook
northcarolina
northcascades
northcounty
northdakota
northeast
northeasternpa
northernbeaches
northernireland
northernky
northernnewjersey
northernterritory
northernutah
northernva
northernwi
northfield
northgeorgia
northhollywood
northidaho
northindia
northjersey
northkorea
northlaketahoe
northlouisiana
northphoenix
northportny
northqueensland
northshore
northterritory
northtexas
northvan
northwestarkansas
northwestern
norwalkca
norway
norwich
norwichct
norwood
notl
notredame
nottingham
nottinghamshire
nouvelle_caledonie
nouvellecaledonie
nova
novascotia
novato
novisad
novomesto
novosibirsk
nowra
nrv
nrw
nsu
nsw
nuertingen
nunavut
nurnberg
nwarkansas
nwfl
nwi
nwla
nwmissouri
nwpa
nwt
nyc
nyu
oakcliff
oakland
oaklandcounty
oakleigh
oakpark
oakparkil
oakville
oamaru
oaxaca
oba
oban
oberhausen
oberlin
obx
ocala
occ
occitania
occitanie
oceancity
oceancitynj
oceancounty
oceanfalls
oceangrove
oceania
oceanshores
oceanside
oceansprings
oceanview
ocny
ocoee
oconeesc
ocu
odense
odenton
odesa
odisha
odu
offenbach
ogden
ohio
oisterwijk
ojai
okanagan
okc
okemos
okinawa
oklahoma
oklahomacity
okoboji
okotoks
okstate
olathe
oldenburg
oldlymect
olds
oldsaybrook
olean
olemiss
olin
olivehill
ollerup
olney
olomouc
oltenia
olympic_peninsula
olympicpeninsula
omaha
oman
ontario
opava
oporto
oracoke
oradea
orangecountyny
orangensw
orangepark
orangeva
orangevale
orangeville
orebro
oregon
oregoncity
oregoncoast
oregonstateuniv
oregonwi
orillia
orinda
orkney
orlando
orlandodisneyarea
orlandpark
orleansfr
ornskoldsvik
oromia
orygun
osaka
oshkosh
osijek
oslo
osnabrueck
ossining
ostalb
osterreich
ostersund
ostrava
osu
oswego
ottawa
otterbein
ottowacooh
oulu
overlandpark
owasso
owatonna
owego
owencounty
owensboro
owensound
owosso
oxford
oxnard
oxy
ozarkmo
ozarks
paarl
pace
pacifica
pacificgrove
pacifika
paderborn
paducah
pakistan
palatine
palau
palawan
palestine
palmbeach
palmcoast
palmdale
palmerstonnorth
palmharbor
palmsprings
palmy
paloalto
palosverdes
palwal
panama
panamacity
panamacitybeach
panhandlegulfcoast
pankow
paoli
papenburg
paphos
papuanewguinea
paradisevalley
paraguay
paramaribo
parana
paraparaumu
paris
paristexas
paristx
parkcity
parkersburg
parkland
parklandcollege
parkslope
parkville
parnu
parramatta
parrish
parrysound
pasadenamd
passau
pataskala
patna
pau
paulding
pawleysisland
pawtucket
payson
peabodyma
peacecountry
pei
peine
peking
pekinillinois
pelham
pemberton
pembrokepines
pembrokeshire
penang
pennington
pennstateuniversity
pennsylvania
penrith
pensacola
pensacolabeach
penticton
peoria
peoriaIL
pepperdine
perpignan
perranporth
perryhall
persia
perth
perthcity
perthshire
peru
pescara
petaluma
petalumaca
peterborough
peterlee
petone
petoskey
petrolia
petropolis
petworth
pflugerville
pforzheim
philadelphia
philadelphiams
philippines
phillipisland
phoenix
phoenixarizona
phoenixaz
phoenixny
phoenixville
phuket
phuket_thailand
phx
piatra
picardie
pickering
pictou
piedmont
piedmontca
pieksamaki
pierre
pikeville
pinebluff
pinehurst
pinellas
pinneberg
pioneervalley
piracicaba
pirmasens
pismo
pitcairnIisland
pitea
pitesti
pitt
pittsburgh
pittsgrove
piura
placerville
plano
planotx
plaquemine
plattsburgh
plauen
playa
playadelcarmen
pleasanton
plovdiv
pluit
plumascountyca
plymouth
plymouthma
plymouthmn
png
pocatello
poconos
pointowoods
pointroberts
poitiers
pokhara
poland
polk
poltava
pomonacollege
ponchatoula
pontarlier
pontevedra
pontiacmi
pontoise
pontotoc
poolesville
popayan
pori
porirua
portagelakes
portangeles
portaugusta
portcharlotte
portelizabeth
porterville
porthedland
porthope
portland
portlandme
portlandoregon
portlandstate
portlaoise
portmoresby
porto
portoalegre
portorange
portorchard
portperry
portpirie
portsmouthnh
portstjoe
portstjohn
porttownsend
portugal
posen
pottsville
poulsbo
poway
powelltn
powhatan
poznan
prague
praha
prairievillage
prattville
prawo
prenzlauerberg
prescott
preston
pretoria
princealbertsk
princegeorge
princegeorgescounty
princeton
prishtina
proserpine
prosper
provence
providence
providencecollege
provincias
provlux
provoutah
pryantpond
pskov
ptbo
pteclaire
ptownms
puchong
puducherry
pueblo
puertomontt
puertoplata
puertorico
puertovallarta
pugetsound
pukekohe
pulaskikentucky
pune
punjab
puntacana
purdue
pvkansas
pyeongtaek
pyongyang
qatar
qingdao
qingyuan
qld
quadcities
queanbeyanNSW
quebec
quebeccity
quechee
queencreek
queens
queensland
queenstown
queensuniversity
quetico
quezon
quimper
quinceyma
quincy
quinnipiac
quintanaroo
rabat
racinewi
radforduniversity
rahway
rainier
rajasthan
raleigh
ramseynj
ramsgate
ranchi
ranchosantamargarita
randers
rangiora
rapanui
rapidcity
rappahannock
rarotonga
rason
rastatt
rathangan
rauma
ravenna
ravensburg
rayleigh
raynes_park
rcc
reading
reading_berkshire
realaustin
recife
recklinghausen
redbank
reddeer
reddingct
redditfortuvalu
reddittontario
redditturk
redmond
redondobeach
redrivergorge
redwingmn
reedcollege
regensburg
regina
regionalaustralia
rehobothma
reims
remscheid
rendsburg
renfrew
renmark
rennes
reno
renton
renton_wa
republicaargentina
republiccountykansas
republicofcongo
republicofindia
republicofmalta
reunionisland
reutlingen
rexburg
reykjavik
reynoldsburg
rhawnhurst
rheine
rheinlandpfalz
rhinebeck
rhodeisland
rialto
riceuniversity
richardson
richardstockton
richfield
richmondhill
richmondindiana
richmondky
ridgewood
riga
rijeka
riodejaneiro
riograndedosul
riograndevalley
ripponden
rishikesh
rit
riverfallswi
riverforestillinois
riveroaks
riverside
riverwest
riviereduloup
rivne
riyadh
roanoke
roaringfork
rochester
rochesterhills
rochesteril
rochesterminnesota
rochestermn
rochesternh
rockdale
rockdalewi
rockford
rockhampton
rockingham
rockinghamcountync
rockinghamnc
rockland
rockvillemd
rockymountnc
rodrigues
roeselare
roguevalley
rohnertpark
rojava
rolla
roma
romania
rome
romega
romeomi
romford
roncesvalles_village
rondonia
ronse
roosevelt
rooseveltisland
rosario
roseburg
rosehulman
rosemount
rosemountmn
rosenheim
roskilde
rossiya
rostock
rostov
roswell
rotorua
rottagermany
rotterdam
rotuma
rotuman
rouen
roumania
roundlake
roundrock
roundrocktexas
rovaniemi
rowanuniversity
rowville
roxbury
royaloak
rpi
ru
ruhrgebiet
ruralmt
ruralvic
russellontario
russia
rutgers
rutherfordton
rutland
rutlandvt
rva
rwanda
ryde
ryeny
ryerson
saarbruecken
sachsen
sachsenanhalt
sackvegas
saghar
saginaw
saglac
saguenay
saigon
saintbutt
saintbuttminnesota
saintclairshores
saintetienne
saintjohnnb
saintpaul
saintpeter
saintpierreetmiquelon
saipan
sait
sakartvelo
salem
salemnh
salemva
salerno
salinas
salisburyUK
salonika
saltash
saltillo
saltlakecity
saltonsea
saltspring
saltspringisland
salvador
salzburg
salzgitter
samarkand
sammamish
samoa
samos
san_angelo
sanantonio
sandakan
sandimas
sandysprings
sangabriel
sanger
sanibel
sanjuancapistrano
sanjuanislands
sanktgallen
sanleandro
sanluispotosi
sanmarcos
sanmarcos760
sanmarcosca
sanmarino
sanmateo
sanpedro
santaana
santaclara
santaclarita
santafe
santander
santanvalley
santarosa
santaynez
santcugat
santee
santiago
santodomingo
santorini
sanya
saocarlos
saojosedoscampos
saopaulo
saotomeprincipe
sapporo
sarajevo
sarasota
saratogasprings
saratov
sarnia
saskatchewan
saskatoon
satakunta
satumare
saudiarabia
sausalito
savannah
savoie
savonlinna
saxony
sayreville
sbu
scad
scandinavia
scarborough
scarboroughuk
scarsdale
schaumburg
schenectady
schleswigholstein
schoharie
schorndorf
schwaben
schwarzwald
schwaz
schweden
schwerin
scotia
scotland
scottsdale
scottsville
scrippscollege
scu
sdsu
seacoastnh
seaforth
seaside
seatac
seattleu
sebring
sechelt
sedalia
sedan
sedona
seevetal
seinajoki
seine_et_marne
selangor
selma
semarang
semo
sendai
senden
seneca
senegal
seoul
serbia
seremban
setx
sevastopol
sevilla
sfmission
sfsu
sftenderloin
sgv
shafter
shakopee
shaler
shallotte
shandong
shanghai
shanxi
sharjah
sharpsville
shaverlake
shawnee
shawniganlake
sheboygan
sheffieldlake
shelburne
shelbyNC
shelbyky
shelbyohio
shelbytwp
sheltonct
sheltonwa
shenandoah
shenzhen
shepparton
sherborn
sherbrooke
sheridancollege
sheridanwyoming
sherwoodoregon
sherwoodpark
shetland
shikoku
ship
shippensburg
shoals
shoreline
shqip
shreveport
shrewsbury
shrewsburyuk
shropshire
shu
shumen
shymkent
sibenik
sibiu
sichuan
sicilia
sicily
siedlce
siegburg
siegen
siena
sierracollege
sierraleone
sierravista
sikkim
siliconvalley
silvercity
silverton
simi_valley
simivalley
simonfraser
sinaloa
singapore
singleton
siouxcity
siouxfalls
siquirres
siroki
sisak
sissonville
siu
sjsr
sjsu
sju
skagit/
skagitcounty
skagitvalley
skagway
skanderborg
skankakee
skelleftea
skien
skive
skopje
skye
sladeky
slcc
sligo
slo
slough
slovakia
slovenia
slovensko
smaland
smalltowngreendale
smederevo
smog_mariupolya
smu
smyrna
sneadsferry
snobbery
snohomish
snoqualmie
snowmass
snowshoemountain
socal
sochi
sodermalm
sodertalje
sofia
solanocounty
solapur
solingen
sollentuna
solomon_islands
solomonislands
solonoh
solothurn
somaliland
somd
somero
somersetnj
somerville
sonoita
sonoma
sonomacounty
sonora
sonoraca
sooke
sooners
sorocaba
sou
souris
south_azerbaijan
south_florida
south_hadley
south_island
south_korea
southafrica
southamerica
southampton
southaustralia
southaven
southbend
southbridge
southburlington
southcarolina
southcoast
southcounty
southdakota
southdelhi
southeastasia
southerncalifornia
southernhighlands_nsw
southernillinois
southernohio
southernutah
southflorida
southindia
southjersey
southkorea
southlaketahoe
southpacific
southpasadena
southport
southshore
southside
southsudan
southsurrey
southtexas
southtyrol
southwales
southwalton
southwesternontario
southwestmichigan
southwick
southwood
spain
spangdahlem
spartanburg
spartanburgsc
spb
spc
spenardak
spenceriowa
speyer
split
spokane
springfield
springfieldil
springfieldmo
springfieldnj
springfieldoh
springhill
springhillfla
springvale
sprucedale
sprucepine
spsu
squamish
srbija
srilanka
srpska
ssu
ssydfyn
stade
stadtessen
stafford
staffordshire
stalbans
stalbansvt
stalbert
stamfordconn
stanford
stanfordville
stans
staples_minnesota
starkcounty
starkcountyOhio
statenisland
statesboro
staugustine
staugustinebeach
staunton
stavanger
stayner
stcatharines
stcatharineson
stcharlesmo
stcharlesparish
stclairco
stclairmo
stclairshores
stedwards
steinbach
stephenville
sterlingalaska
stevens
stevenspass
stevenspoint
stewartisland
stgeorge
sthyacinthe
stirlingscotland
stjoemo
stjohnsbury
stjohnscollege
stjohnscounty
stjohnsnl
stjordal
stkitts
stlcc
stlcop
stlouis
stlouiscounty
stlucia
stmaryscounty
stockholm
stocktonca
stolaf
stoneham
stonehaven
stonemtn
stonesboroar
stornoway
stoughton
stourport
stow
stpaul
stpaulpark
stpetersburgfl
stralsund
strangnas
strasbourg
stratfordontario
strathroy
straubing
stroudsburg
stsimonsisland
stthomas
stthomasontario
stuttgart
subcontinent
subotica
sudan
sudbury
sudburysuffolk
suffolk
suisse
sumatra
summerside
summervillega
summervillesc
summit
sumy
sunderland
sunnyvale
sunpeaks
sunshinecoast
suny_potsdam
suomi
surabaya
surfcity
surfersparadise
suriname
surpriseaz
surrey
sussexcounty
sva
svsu
swanhill
swanriver
swansea
swartzcreek
swaziland
sweden
swfl
swi
swindon
switzerland
swmich
swva
swwisconsin
sydney
sylacauga
syracuse
sysma
szeged
tabarca
tabriz
tacoma
tadley
taft
tahiti
tahlequah
tahoe
tahoecity
tahoevista
taipei
taiwan
taiyuan
tajikistan
takomapark
talkirvine
talladega
tallahassee
tallinn
tallmadge
tamaulipas
tamborine
tamilnadu
tampa
tampabay
tampere
tamworth
tanzania
taos
taranaki
tarheels
tarleton
tarn
tarragona
tartu
tasmania
taunton
tauntonma
taunusstein
taupo
tauranga
tayloruniversity
tbilisi
tcnj
tcounty
tcu
teccr
teesside
tegucigalpa
tehran
telangana
telaviv
temecula
tempe
tempelhof
temple
templecity
tenafly
tennessee
tenterfield
tequesta
terneuzen
terracebc
terrehaute
tesc
teutonik
texarkana
texas
texastech
thailand
thanet
theOkanagan
theUkrainians/
thebac
thebbc
thebescity
theblackcountry
thecentralcoast
thechannelislands
thecoast
thecolony
thedalles
thehamptons
thehutt
thenetherlands
thenorth
theothermaine
thessaloniki
thetron
theunitedstates
thewoodlands
thibodaux
thomasville
thornhill
thornlands
thorton
thousandoaks
thueringen
thun
thunderbay
tibet
ticino
ticos
tidaholm
tigard
tijuana
tilburg
tillsonburg
timaru
timisoara
timmins
timorleste
tipperary
tirol
tirupati
titusville
tlh
tnt
tofino
togo
tokelau
tokoroa
tokyo
toledo
tolucalake
tonga
toon
toowoomba
topeka
topsail
torino
toronto
torrance
torreon
torringtonct
totallytennessee
toulon
toulouse
touraine
touro
tours
towanda
townofbanff
townsend
townsville
towpath
towson
tr
trabzon
trailbc
tramore
transdniestria
traralgon
traversecity
treasurecoast
trencin
trentonnj
treptow
trevose
tricities
tricitieswa
trier
trinidadco
trinityu
tristandacunha
trivandrum
troisrivieres
trollhattan
tromso
trondheim
troutdale_oregon
troy
troyes
troyny
troyu
truckee
tsawwassen
tsu
ttdi
tualatin
tuckermanravine
tucson
tucuman
tuebingen
tufts
tukwila
tulane
tulcea
tulsa
tulum
tumwater
tungchung
tunica
tunisia
tupelo
turkey
turkmenistan
turku
tuscaloosa
tuscany
tuscola
tustin
tustinca
tuszyn
tuticorin
tuva
tuvalu
tuxtlagutierrez
tweedshire
twincities
twincitiessocial
twinfalls
twn
txstate
tylertx
tyri
uab
uae
uah
ualberta
ubaltimore
ubc
ubreddit
ubud
uca
ucalgary
ucdavis
ucf
uchicago
uci
ucinci
ucla
ucluelet
ucmerced
uco
uconn
ucr
ucrcr
ucsantabarbara
ucsc
ucsd
udaipur
udem
uden
udes
udub
ufl
ufv
uga
uhart
uhd
uicwhatshot
uiowa
uiuc
ukiah
ukr
ukraina
ukraine
ulaanbaatar
ull
ulm
ulqin
ulsan
uluru
ulvik
umaine
umass
umassd
umbc
umbria
umd
umea
umiami
umkc
umt
unccharlotte
uncg
uncw
und
unf
unh
uni
unioncity
unioncounty
unionmo
unionofmyanmar
unitedkingdom
unitedstates
unitedstatesofamerica
universityofarkansas
universityofhouston
universityofkansas
universityofkentucky
universityofredlands
universityofscranton
universityoftoledo
universityofvermont
unlincoln
unlv
unm
unr
unt
uofarizona
uofdayton
uofm
uofmemphis
uofmn
uofmnduluth
uofo
uofr
uoft
uofu
uoguelph
uoit
uop
upenn
upland
uppercanada
upperhutt
uppermichigan
upperstclair
upplandsvasby
uppsala
upstate_new_york
upstatesc
uptownnyc
uruguay
usc
usf
usfca
usi
ustinadlabem
utah
utaustin
utdallas
utep
utica
utk
utpa
utrecht
utsa
utt
uttarakhand
uttarpradesh
utulsa
uva
uvic
uvu
uwaterloo
uwb
uweauclaire
uwg
uwgb
uwmadison
uwmilwaukee
uwo
uzbekistan
vaasa
vacaville
vail
valdez
valdosta
valencia
valga
vallarta
valley956
valleyfield
valparaiso
valparaisozacatecas
valrico
vancortlandtpark
vancouver
vancouverisland
vancouverwa
vancouverwashington
vanderbilt
vantaa
vanuatu
vanwert
varazdin
varde
vashi
vassar
vatican
vaud
vaughan
vaxjo
vcccd
vcu
vechta
vegas
vejle
venezia
venezuelareddit
venice
veniceflorida
venturacounty
veracruz
vermont
vernon
vernonhills
versailles
vestal
vestavia
vestaviahills
vesterbro
vestfold
viborg
victorharbor
victoriabc
victoriaville
vidnoe
vienna
vietnam
vigo
vijayawada
vilareal
villanova
villelasalle
vilnius
vinh
vinnitsa
virginia
virginiabeach
virginiatech
virginislands
visakhapatnam
visby
viseu
vitoriaES
viu
vlaanderen
vladivostok
vojvodina
vorarlberg
voronezh
vratsa
vukovar
vzla
waco
waconia
wadduwa
wadsworthoh
waggaNSW
waiheke
waikato
wainwright
waipu
wairarapa
wairoa
waiuku
wakefield
waketech
waldshut
wallawalla
wallawallawashington
wallisandfutuna
wallonia
walnutcreek
wanganui
wangaratta
wangoom
wantagh
wantok
wareshoals
warrensburg
warrington
warrnambool
warsaw
warszawa
warwickau
warwickshire
wasagabeach
washington
washington_dc
washingtoncountymd
washingtondc
washingtontwp
washmo
washtenawannarbor
washu
wassenaar
waterford
waterloo
waterlooiowa
waterlooregion
watertown
watertownny
waterville
watervillevalleynh
watford
waukegan
waukesha
waukeshacounty
waukeshawi
waunakee
wausau
waxhaw
waycross
waynesboro
waynestate
wcsu
wcupa
weatherford
webstercounty
websterny
wedding65
weho
weimar
wellesley
wellington
wellsvilleny
wenatchee
wermland
werribee
wesleyan
westallis
westbend
westbengal
westcentralohio
westcentraltexas
westchester
westchesterpa
westcoastnz
westcountry
westdesmoines
westernaustralia
westerncolorado
westernillinois
westernisles
westernlowermichigan
westernma
westernmaryland
westernmass
westernsydney
westerville
westerwald/
westgeorgia
westhartford
westhollywood
westislandmtl
westislip
westkelowna/
westkentucky
westliberty
westlynndevon
westmi
westmifflin
westminstercollege
westmonroe
westmontil
westnewyork
westoakland
weston
westorange
westpapua
westplains
westsacramento
westtexas
westtn
westvancouver
westvirginia
westwood
westyorkshire
wethersfield
wetzlar
wexford
weyburn
wgu
whangarei
wheaton
whidbey
whistler
whitburn
whitebrier
whitefish
whitehousetn
whitesettlement
whitleybay
whyalla
wichita
wicklow
widener
wieliczka
wien
wiesbaden
wigan
wildwoodmo
wilhelmshaven
willametteco
willardmo
willemien
williamandmary
williamsburg
williamsburgva
williamscollege
williamslake
williamson
williamsport
williston
willmar
wilmington
wilmingtonDE
wiltshire
wimberley
winchester
winchesterky
windhoek
windommn
windsorontario
windsorontariocanada
winfieldbc
winnipeg
winnipegmanitoba
winnipegmb
winnipesaukee
winona
winooski
winstonsalem
winterthur
wirral
wismar
wku
wlu
wmass
wnc
wny
woburn
wodonga
woffordheights
wokingham
wolfcreek
wolfenbuettel
wolfsburg
wollongong
wolverhampton
woodburyminnesota
woodhavenmi
woodinville
woodstockga
woodstockont
woodstockontario
woodsway
worcester
worcesterma
worksop
worthing
wou
wpi
wrexham
wrightstate
wrightwood
wrigleyville
wsu
wtamu
wuerzburg
wuhan
wuppertal
wuxi
wvu
wwu
wyeoak
wynnewood
wyomingmi
xalapa
xiamen
xian
yakima
yale
yanbu
yarrabilba
yarravalley
yekaterinburg
yellowknife
yellowstone
yeovil
yerevan
yokosuka
yolocounty
yonkers
yooper
yorkpa
yorkshire
yorkshireuk
yorkton
yorktown
yorku
yosemite
ypsi
ypsilanti
yrkregion
yubacityca
yucaipa
yucatan
yukon
yuma
yunnan
zaandam
zacatecas
zadar
zagreb
zambales
zambia
zamboanga
zamora
zanesville
zanzibar
zebulon
zeeland
zenica
zephyrcove
zermatt
zhengzhou
zimbabwe
zimnicea
zlin
zoetermeer
zonasul
zrce
zug
zurich
zutphen
zwickau
zwijndrecht
zwolle